{
  "mean": 0.7366666666666667,
  "ci_lo": 0.6866666666666666,
  "ci_hi": 0.7866666666666666,
  "n": 300,
  "model": "2B-Instruct",
  "task": "mmvp"
}