{
  "mean": 0.4887640449438202,
  "ci_lo": 0.4157303370786517,
  "ci_hi": 0.5617977528089888,
  "n": 178,
  "model": "2B-Instruct",
  "task": "hallu_text"
}