{
  "mean": 0.7333333333333333,
  "ci_lo": 0.6833333333333333,
  "ci_hi": 0.7833333333333333,
  "n": 300,
  "model": "2B-Instruct",
  "task": "hallu_vis"
}