{
  "mean": 0.07865168539325842,
  "ci_lo": 0.0449438202247191,
  "ci_hi": 0.11797752808988764,
  "n": 178,
  "model": "2B-Thinking",
  "task": "hallu_text"
}