{
  "mean": 0.63,
  "ci_lo": 0.5733333333333334,
  "ci_hi": 0.6866666666666666,
  "n": 300,
  "model": "2B-Thinking",
  "task": "hallu_vis"
}