{
  "model": "2B-Instruct",
  "subset": "MathVista_MINI",
  "n_done": 9,
  "img_attn_frac_early": [
    0.05519954230666091,
    0.05648509274909192,
    0.0484888224762936,
    0.04329531985864779,
    0.0353040841978028,
    0.034772161782826216,
    0.0308042101231857,
    0.030433604636251794,
    0.02734586268062529,
    0.02277256932971555
  ],
  "img_attn_frac_mid": [
    0.12299802907987692,
    0.1976124347875178,
    0.19462211164812984,
    0.1382966522885931,
    0.08747505830631086,
    0.0766079699802599,
    0.06254984149315058,
    0.06970508867518864,
    0.043786400604641576,
    0.02782836143504411
  ],
  "img_attn_frac_late": [
    0.04100382412959084,
    0.0803511057784875,
    0.06821834080763946,
    0.03999119261987071,
    0.030783861405164172,
    0.02840878363836587,
    0.03013609680371235,
    0.029087163909748644,
    0.020812365696473458,
    0.015236852234939936
  ]
}