{
  "model": "2B-Thinking",
  "subset": "MathVista_MINI",
  "n_done": 15,
  "img_attn_frac_early": [
    0.05313807281546625,
    0.05909973435984402,
    0.05219002554718113,
    0.04455623658858887,
    0.040822635150579316,
    0.03641625519090677,
    0.03400335872920908,
    0.030690841046595318,
    0.02862643684032038,
    0.027331992206121414
  ],
  "img_attn_frac_mid": [
    0.12192244311595798,
    0.1742139533330094,
    0.16417108209441994,
    0.12364404219746267,
    0.10464223137737255,
    0.0805698070380637,
    0.08274587878867148,
    0.06418996353883694,
    0.057303238488153045,
    0.04103613978974708
  ],
  "img_attn_frac_late": [
    0.04580958829373915,
    0.07361139796158671,
    0.07232326552324923,
    0.05546546413912592,
    0.04938182186519488,
    0.04805286001235668,
    0.03893189602443373,
    0.03226569165063459,
    0.029033035806413695,
    0.01885937224117084
  ]
}